-- phpMyAdmin SQL Dump
-- version 4.8.5
-- https://www.phpmyadmin.net/
--
-- Máy chủ: 127.0.0.1
-- Thời gian đã tạo: Th12 23, 2020 lúc 09:39 AM
-- Phiên bản máy phục vụ: 10.1.38-MariaDB
-- Phiên bản PHP: 7.1.26

SET SQL_MODE = "NO_AUTO_VALUE_ON_ZERO";
SET AUTOCOMMIT = 0;
START TRANSACTION;
SET time_zone = "+00:00";


/*!40101 SET @OLD_CHARACTER_SET_CLIENT=@@CHARACTER_SET_CLIENT */;
/*!40101 SET @OLD_CHARACTER_SET_RESULTS=@@CHARACTER_SET_RESULTS */;
/*!40101 SET @OLD_COLLATION_CONNECTION=@@COLLATION_CONNECTION */;
/*!40101 SET NAMES utf8mb4 */;

--
-- Cơ sở dữ liệu: `webbanhang`
--

-- --------------------------------------------------------

--
-- Cấu trúc bảng cho bảng `admin`
--

CREATE TABLE `admin` (
  `id` int(11) NOT NULL,
  `username` varchar(32) CHARACTER SET utf8 COLLATE utf8_unicode_ci NOT NULL DEFAULT '',
  `password` varchar(32) CHARACTER SET utf8 COLLATE utf8_unicode_ci NOT NULL DEFAULT '',
  `name` varchar(128) CHARACTER SET utf8 COLLATE utf8_unicode_ci NOT NULL,
  `admin_group_id` int(64) NOT NULL
) ENGINE=MyISAM DEFAULT CHARSET=utf8 COLLATE=utf8_bin;

--
-- Đang đổ dữ liệu cho bảng `admin`
--

INSERT INTO `admin` (`id`, `username`, `password`, `name`, `admin_group_id`) VALUES
(1, 'admin', '21232f297a57a5a743894a0e4a801fc3', 'Pham Thanh Nam', 1),
(7, 'admincp', '96e79218965eb72c92a549dd5a330112', 'Mod', 2),
(8, 'Super Admin', '17c4520f6cfd1ab53d8745e84681eb49', 'superadmin', 0),
(9, 'superadmin2', '2a43bf7ab34cd6bf5401343115eaf325', 'superadmin2', 0),
(10, 'superadmin3', '5fdc9a0756285347a31b3fdc9895fc4b', 'superadmin3', 0),
(11, 'superadmin24', '3cf195095c5880211a5b8ea957507496', 'superadmin24', 0),
(13, 'dwadwadw', '40cda09c99ef55ec7085e0b967bfb031', 'dwadwadw', 0);

-- --------------------------------------------------------

--
-- Cấu trúc bảng cho bảng `catalog`
--

CREATE TABLE `catalog` (
  `id` int(11) NOT NULL,
  `name` varchar(128) CHARACTER SET utf8 COLLATE utf8_unicode_ci NOT NULL,
  `site_title` varchar(128) CHARACTER SET utf8 COLLATE utf8_unicode_ci NOT NULL,
  `meta_desc` varchar(255) CHARACTER SET utf8 COLLATE utf8_unicode_ci NOT NULL,
  `meta_key` varchar(255) CHARACTER SET utf8 COLLATE utf8_unicode_ci NOT NULL,
  `parent_id` int(11) NOT NULL DEFAULT '0',
  `sort_order` tinyint(4) NOT NULL DEFAULT '0'
) ENGINE=MyISAM DEFAULT CHARSET=utf8 COLLATE=utf8_bin;

--
-- Đang đổ dữ liệu cho bảng `catalog`
--

INSERT INTO `catalog` (`id`, `name`, `site_title`, `meta_desc`, `meta_key`, `parent_id`, `sort_order`) VALUES
(2, 'Điện thoại', '', '', '', 0, 1),
(3, 'Tivi', '', '', '', 0, 2),
(4, ' Acer', '', '', '', 1, 0),
(5, ' Apple', '', '', '', 1, 1),
(6, 'Asus', '', '', '', 1, 2),
(7, 'Dell', '', '', '', 1, 3),
(8, 'HP', '', '', '', 1, 5),
(9, 'Apple', '', '', '', 2, 0),
(10, 'Asus', '', '', '', 2, 1),
(11, 'BlackBerry', '', '', '', 2, 3),
(12, 'HTC', '', '', '', 2, 4),
(13, 'AKAI', '', '', '', 3, 0),
(14, 'JVC', '', '', '', 3, 1),
(15, 'LG', '', '', '', 3, 2),
(16, 'Panasonic', '', '', '', 3, 3),
(17, 'Samsung', '', '', '', 3, 5),
(18, 'Toshiba', '', '', '', 3, 6),
(27, 'Card điện thoại', '', '', '', 0, 1),
(28, 'Thẻ VTC', '', '', '', 27, 1);

-- --------------------------------------------------------

--
-- Cấu trúc bảng cho bảng `news`
--

CREATE TABLE `news` (
  `id` int(11) NOT NULL,
  `title` varchar(255) CHARACTER SET utf8 COLLATE utf8_unicode_ci NOT NULL,
  `intro` varchar(255) CHARACTER SET utf8 COLLATE utf8_unicode_ci NOT NULL,
  `content` text CHARACTER SET utf8 COLLATE utf8_unicode_ci NOT NULL,
  `meta_desc` varchar(255) CHARACTER SET utf8 COLLATE utf8_unicode_ci NOT NULL,
  `meta_key` varchar(255) CHARACTER SET utf8 COLLATE utf8_unicode_ci NOT NULL,
  `image_link` varchar(50) COLLATE utf8_bin NOT NULL,
  `created` int(11) NOT NULL DEFAULT '0',
  `feature` enum('0','1') COLLATE utf8_bin NOT NULL,
  `count_view` int(11) NOT NULL DEFAULT '0'
) ENGINE=MyISAM DEFAULT CHARSET=utf8 COLLATE=utf8_bin;

--
-- Đang đổ dữ liệu cho bảng `news`
--

INSERT INTO `news` (`id`, `title`, `intro`, `content`, `meta_desc`, `meta_key`, `image_link`, `created`, `feature`, `count_view`) VALUES
(1, 'Nhà lầu siêu xe hàng mã ế sưng, đồ chơi biển đảo hút khách', '(Dân trí) - Loạt đồ chơi trung thu biển đảo hướng về quê hương mới xuất hiện nhưng đã hút khách, các mặt hàng vàng mã “xa xỉ” không còn được nhiều người mua sắm.', '<p style=\"TEXT-ALIGN: left\">\r\n	Theo b&aacute;c Lan, một chủ cửa h&agrave;ng ở phố H&agrave;ng M&atilde; chia sẻ: &ldquo;Kinh tế kh&oacute; khăn n&ecirc;n người bỏ tiền triệu ra mua đồ c&uacute;ng đắt tiền như nh&agrave; lầu, xe hơi, điện thoại, ti vi c&ograve;n rất &iacute;t. Mọi người chỉ lựa chọn những loại đồ c&oacute; gi&aacute; b&igrave;nh d&acirc;n như quần &aacute;o, gi&agrave;y d&eacute;p v&agrave; mũ để c&uacute;ng. Những mặt h&agrave;ng b&aacute;n chạy nhất l&agrave; tiền &acirc;m phủ, v&agrave;ng, quần &aacute;o hay gi&agrave;y d&eacute;p v&igrave; c&oacute; gi&aacute; kh&aacute; b&igrave;nh d&acirc;n&rdquo;.</p>\r\n<p style=\"TEXT-ALIGN: center\">\r\n	<img alt=\"Mặt hàng đèn lồng biển đảo mới xuất hiện trong dịp Tết Trung Thu năm nay\" src=\"http://dantri4.vcmedia.vn/Urgz3f5tKFdDA0VUUO/Image/2014/08/n1-242e1.jpg\" /><br />\r\n	<span style=\"FONT-FAMILY: Tahoma; FONT-SIZE: 10pt\">Mặt h&agrave;ng đ&egrave;n lồng biển đảo mới xuất hiện trong dịp Tết Trung Thu năm nay</span></p>\r\n<p style=\"TEXT-ALIGN: center\">\r\n	<span style=\"FONT-FAMILY: Tahoma\"><img alt=\"Các thông điệp ý nghĩa yêu quê hương, biển đảo được in lên đèn lồng\" src=\"http://dantri4.vcmedia.vn/Urgz3f5tKFdDA0VUUO/Image/2014/08/n2-242e1.jpg\" /></span><br />\r\n	<span style=\"FONT-FAMILY: Tahoma; FONT-SIZE: 10pt\">C&aacute;c th&ocirc;ng điệp &yacute; nghĩa y&ecirc;u qu&ecirc; hương, biển đảo được in l&ecirc;n đ&egrave;n lồng</span></p>\r\n<p>\r\n	Một mặt h&agrave;ng đặc biệt của m&ugrave;a Vu Lan năm nay đ&oacute; l&agrave; loại đồ chơi &ldquo;biển đảo&rdquo;. Đ&oacute; l&agrave; những chiếc đ&egrave;n lồng được in những th&ocirc;ng điệp hướng về qu&ecirc; hương, biển đảo hết sức &yacute; nghĩa.</p>\r\n<div class=\"article-side-rail\" id=\"article-side-rail\">\r\n	<div class=\"article-video-relation\">\r\n		<div class=\"relative\">\r\n			<img alt=\"Mùa Vu Lan: \" class=\"thumb\" src=\"http://video-thumbs.vcmedia.vn///dantri/7iS0Ym1SbbOoTsWhJi6Q/2014/08/08/vangma-15e63.jpg\" /><img class=\"ico\" src=\"http://dantri3.vcmedia.vn/App_Themes/Default/Images/ico_video_play.png\" /></div>\r\n		<p class=\"caption\">\r\n			M&ugrave;a Vu Lan: &quot;Xe si&ecirc;u sang&quot; đỗ chật phố H&agrave;ng M&atilde;</p>\r\n	</div>\r\n</div>\r\n<p>\r\n	C&aacute;c chủ cửa h&agrave;ng tại đ&acirc;y cho biết, c&aacute;c loại mặt h&agrave;ng l&agrave;m thủ c&ocirc;ng truyền thống đ&egrave;n lồng, đầu l&acirc;n, đ&egrave;n &ocirc;ng sao vẫn được kh&aacute;ch h&agrave;ng ưa chuộng nhất. Ngo&agrave;i ra, mẫu đ&egrave;n lồng in sẵn mang th&ocirc;ng điệp hướng về biển đảo qu&ecirc; hương được nhiều bậc phụ huynh v&agrave; c&aacute;c em học sinh đặc biệt y&ecirc;u th&iacute;ch.</p>\r\n<p style=\"TEXT-ALIGN: center\">\r\n	<img alt=\"Mới xuất hiện nhưng những chiếc đèn lồng này được nhiều phụ huynh và các em nhỏ lựa chọn\" src=\"http://dantri4.vcmedia.vn/Urgz3f5tKFdDA0VUUO/Image/2014/08/n4-242e1.jpg\" /><br />\r\n	<span style=\"FONT-FAMILY: Tahoma; FONT-SIZE: 10pt\">Mới xuất hiện nhưng những chiếc đ&egrave;n lồng n&agrave;y được nhiều phụ huynh v&agrave; c&aacute;c em nhỏ lựa chọn</span><br />\r\n	&nbsp;</p>\r\n<p>\r\n	Chiếc đ&egrave;n lồng mang th&ocirc;ng điệp biển đảo được gh&eacute;p lại bằng 3 mảnh b&igrave;a kh&aacute;c nhau. Chiếc đ&egrave;n c&oacute; thể thắp s&aacute;ng v&agrave; ph&aacute;t nhạc khi được lắp pin ở tay cầm.Tuy nhi&ecirc;n, chi tiết đ&aacute;ng ch&uacute; &yacute; nhất đ&oacute; l&agrave; những th&ocirc;ng điệp hướng về biển đảo in tr&ecirc;n th&acirc;n của chiếc đ&egrave;n lồng như &ldquo;Em y&ecirc;u biển đảo qu&ecirc; hương&rdquo;, &ldquo;B&eacute; hướng về biển đảo&rdquo;, &ldquo;Em y&ecirc;u biển đảo Việt Nam&rdquo;, &ldquo;Em y&ecirc;u ch&uacute; bộ đội hải qu&acirc;n Việt Nam&rdquo;, với những h&igrave;nh ảnh chiến sĩ Hải qu&acirc;n Việt Nam s&uacute;ng kho&aacute;c tr&ecirc;n vai bảo vệ chủ quyền biển đảo Tổ quốc hay những chiếc t&agrave;u mang d&ograve;ng chữ Cảnh s&aacute;t biển Việt Nam&hellip;</p>\r\n', '', '', 'n1-242e1.jpg', 1407553602, '0', 1),
(2, 'Arsenal đồng ý bán Vermaelen cho Barcelona', '(Dân trí) - Theo những thông tin từ báo giới Anh, Arsenal đã quyết định từ chối MU, để bán trung vệ Vermarlen cho Barcelona. Mức giá của trung vệ này vào khoảng 15 triệu bảng.', '<p>\r\n	Như đ&atilde; biết, c&aacute;ch đ&acirc;y v&agrave;i ng&agrave;y, trung vệ Vermaelen đ&atilde; từ chối gia hạn hợp đồng với Arsenal. Điều đ&oacute; khiến cho CLB th&agrave;nh London t&igrave;m c&aacute;ch b&aacute;n cầu thủ n&agrave;y bằng mọi gi&aacute; để &ldquo;gỡ gạc&rdquo; ch&uacute;t &iacute;t ph&iacute; chuyển nhượng thay v&igrave; mất trắng cầu thủ n&agrave;y&nbsp;ở m&ugrave;a H&egrave; sang năm.</p>\r\n<p>\r\n	&nbsp;</p>\r\n<div align=\"center\">\r\n	<span style=\"FONT-FAMILY: Tahoma; FONT-SIZE: 10pt\"><img _fl=\"\" align=\"middle\" alt=\"Vermaelen ở rất gần Barcelona\" src=\"http://dantri4.vcmedia.vn/uajiKupQ6reCuKKDlVlG/Image/2014/08/Vermaelen-d4361.jpg\" style=\"MARGIN: 5px\" width=\"450\" /><br />\r\n	Vermaelen ở rất gần Barcelona</span><br />\r\n	&nbsp;</div>\r\n<p>\r\n	Trong thời gian gần đ&acirc;y, MU v&agrave; Barcelona l&agrave; hai ứng cử vi&ecirc;n s&aacute;ng gi&aacute; trong cuộc đua gi&agrave;nh chữ k&yacute; của hậu vệ người Bỉ. Cuối c&ugrave;ng, HLV Wenger đ&atilde; quyết định từ chối MU để b&aacute;n Vermarlen cho Barcelona. Trước đ&oacute; c&oacute; th&ocirc;ng tin cho rằng Wenger muốn đổi Vermaelen lấy Smalling, tuy nhi&ecirc;n Van Gaal lại từ chối phương &aacute;n n&agrave;y.</p>\r\n<p>\r\n	Trước b&aacute;o giới, HLV Wenger cho biết: &ldquo;Ch&uacute;ng t&ocirc;i đ&atilde; nhận được những lời đề nghị từ nước ngo&agrave;i v&agrave; quyết định để Vermaelen rời khỏi Premier League. Bản th&acirc;n Arsenal cũng đang ở trong thế kh&oacute; trong vụ n&agrave;y&rdquo;.</p>\r\n<p>\r\n	Theo tờ BBC, Arsenal đ&atilde; đồng &yacute; lời đề nghị trị gi&aacute; 15 triệu bảng của Barcelona. Trong thời gian tới, trung vệ người Bỉ sẽ được quyền tự do đ&agrave;m ph&aacute;n với đội b&oacute;ng xứ Catalan.</p>\r\n<p>\r\n	Nhiều khả năng thương vụ n&agrave;y sẽ ho&agrave;n tất trong thời gian tới. Arsenal cũng bắt đầu t&igrave;m người thay thế Vermaelen. L&uacute;c n&agrave;y, ưu ti&ecirc;n số 1 của HLV Wenger l&agrave; trung vệ Nastasic của Man City, người nhiều khả năng sẽ mất vị tr&iacute; nếu như Mangala gia nhập Etihad.</p>\r\n<p align=\"right\">\r\n	<b>H.Long</b></p>\r\n', '', '', 'Vermaelen-d4361.jpg', 1407553674, '0', 2),
(3, 'Hà Nội: CSGT tìm người thân giúp cháu bé 8 tuổi đi lạc', '(Dân trí) - Theo người thân cháu Chi, trong lúc gia đình nghỉ trưa, cháu Chi mải chơi đã đi lạc từ phía phường Ngọc Lâm (quận Long Biên) sang nội thành. Trong lúc đang hoang mang tìm cháu, gia đình nhận được tin báo của lực lượng cảnh sát giao thông.', '<p>\r\n	Khoảng 15h30 ng&agrave;y 8/8, khi đang l&agrave;m nhiệm vụ tại chốt ph&iacute;a nam cầu Chương Dương (địa b&agrave;n quận Ho&agrave;n Kiếm, H&agrave; Nội), Thượng sĩ Phạm Gia Hợp v&agrave; Thượng t&aacute; L&ecirc; Đức Đo&agrave;n(Đội CSGT số 1) ph&aacute;t hiện một ch&aacute;u b&eacute; khoảng 7-8 tuổi đi bộ tr&ecirc;n khu vực cầu Chương Dương với vẻ mặt sợ sệt. Khi Thượng sĩ Hợp v&agrave; Thượng t&aacute; Đ&ograve;an tiến lại hỏi han, ch&aacute;u b&eacute; c&oacute; biểu hiện sợ sệt v&agrave; bật kh&oacute;c n&oacute;i rằng đi lạc đường.</p>\r\n<p>\r\n	Thấy ch&aacute;u b&eacute; lả đi v&igrave; mệt, Thượng sĩ Hợp đ&atilde; đưa ch&aacute;u về chốt trực, mua b&aacute;nh v&agrave; sữa để ch&aacute;u ăn đỡ đ&oacute;i v&agrave; trấn tĩnh lại. Đồng thời, Thượng sĩ Hợp th&ocirc;ng b&aacute;o tr&ecirc;n c&aacute;c phương tiện th&ocirc;ng tin đại ch&uacute;ng về đặc điểm nhận dạng của ch&aacute;u b&eacute;.</p>\r\n<p>\r\n	<img alt=\"Cháu Chi đoàn tụ với gia đình.\" src=\"http://dantri4.vcmedia.vn/xFKfMbJ7RTXgah5W1cc/Image/2014/08/455-549e4.jpg\" /><br />\r\n	Ch&aacute;u Chi đo&agrave;n tụ với gia đ&igrave;nh.</p>\r\n<p>\r\n	Sau khi trấn tĩnh lại, ch&aacute;u b&eacute; cho biết t&ecirc;n l&agrave; Vương Kim Chi (SN 2007), năm nay l&ecirc;n lớp 2 trường tiểu học &Aacute;i Mộ, quận Long Bi&ecirc;n, H&agrave; Nội. Bằng c&aacute;c biện ph&aacute;p nghiệp vụ, Thượng sĩ Hợp v&agrave; Thượng t&aacute; Đo&agrave;n đ&atilde; li&ecirc;n hệ được với c&ocirc; gi&aacute;o chủ nhiệm ch&aacute;u Chi để th&ocirc;ng b&aacute;o với gia đ&igrave;nh ch&aacute;u b&eacute; biết.</p>\r\n<p>\r\n	Gần 2 tiếng đồng hồ sau, mẹ ch&aacute;u Chi l&agrave; chị Đo&agrave;n Thị Khuyến (SN 1983, ở Ngọc L&acirc;m, Long Bi&ecirc;n, H&agrave; Nội) đ&atilde; t&igrave;m đến trụ sở Đội CSGT số 1 nhận lại con. Chị Khuyến cho cho biết, khoảng 14h c&ugrave;ng ng&agrave;y, trong l&uacute;c gia đ&igrave;nh nghỉ trưa, ch&aacute;u Chi mải chơi đ&atilde; đi lạc từ b&ecirc;n n&agrave;y cầu sang b&ecirc;n kia nội th&agrave;nh.</p>\r\n<p>\r\n	Trong l&uacute;c hoang mang kh&ocirc;ng biết t&igrave;m ch&aacute;u ở đ&acirc;u, gia đ&igrave;nh được th&ocirc;ng b&aacute;o ch&aacute;u Chi đ&atilde; được c&aacute;c chiến sĩ CSGT tận t&igrave;nh gi&uacute;p đỡ. Thay mặt gia đ&igrave;nh, chị Khuyến đ&atilde; viết thư cảm ơn c&aacute;c chiến sĩ cảnh s&aacute;t giao th&ocirc;ng.</p>\r\n<p>\r\n	<strong>Tiến Nguy&ecirc;n</strong></p>\r\n', '', '', '455-549e4.jpg', 1407553969, '0', 9);

-- --------------------------------------------------------

--
-- Cấu trúc bảng cho bảng `product`
--

CREATE TABLE `product` (
  `id` int(255) NOT NULL,
  `catalog_id` int(11) NOT NULL,
  `name` varchar(100) COLLATE utf8_unicode_ci NOT NULL,
  `maker_id` int(255) NOT NULL,
  `price` decimal(15,4) NOT NULL DEFAULT '0.0000',
  `content` text COLLATE utf8_unicode_ci NOT NULL,
  `discount` int(11) NOT NULL,
  `image_link` varchar(50) CHARACTER SET utf8 COLLATE utf8_bin NOT NULL,
  `image_list` text COLLATE utf8_unicode_ci NOT NULL,
  `created` int(11) NOT NULL DEFAULT '0',
  `view` int(11) NOT NULL DEFAULT '0',
  `meta_key` varchar(255) CHARACTER SET utf8 COLLATE utf8_bin NOT NULL,
  `site_title` varchar(255) CHARACTER SET utf8 COLLATE utf8_bin NOT NULL,
  `warranty` varchar(50) COLLATE utf8_unicode_ci NOT NULL,
  `total` int(255) NOT NULL,
  `buyed` int(255) NOT NULL,
  `rate_total` int(255) NOT NULL,
  `rate_count` int(255) NOT NULL,
  `gifts` varchar(100) COLLATE utf8_unicode_ci DEFAULT NULL,
  `video` varchar(255) COLLATE utf8_unicode_ci NOT NULL,
  `meta_desc` varchar(255) CHARACTER SET utf8 COLLATE utf8_bin NOT NULL,
  `feature` enum('0','1') CHARACTER SET utf8 COLLATE utf8_bin NOT NULL,
  `timeStart` int(100) NOT NULL,
  `timeEnd` int(100) NOT NULL,
  `maxMoney` int(100) NOT NULL,
  `owner_id` int(255) NOT NULL,
  `status` int(11) NOT NULL
) ENGINE=MyISAM DEFAULT CHARSET=utf8 COLLATE=utf8_unicode_ci;

--
-- Đang đổ dữ liệu cho bảng `product`
--

INSERT INTO `product` (`id`, `catalog_id`, `name`, `maker_id`, `price`, `content`, `discount`, `image_link`, `image_list`, `created`, `view`, `meta_key`, `site_title`, `warranty`, `total`, `buyed`, `rate_total`, `rate_count`, `gifts`, `video`, `meta_desc`, `feature`, `timeStart`, `timeEnd`, `maxMoney`, `owner_id`, `status`) VALUES
(2, 15, 'jajdajs dsajdak', 0, '100000.0000', '', 200000, 'product2.jpg', '', 0, 6, '', '', '12 tháng', 0, 0, 4, 1, '', 'https://www.youtube.com/watch?v=zAEYQ6FDO5U', '', '0', 0, 0, 100000, 22, 0),
(29, 28, 'Thẻ CMND Giả', 0, '1000000.0000', '', 20000, '123.jpg', '[\"789.jpg\"]', 1608269182, 25, '', '', '', 0, 0, 0, 0, '', '', '', '0', 1608269280, 1608308880, 1600000, 26, 0),
(30, 28, 'Cảnh sát', 0, '10000000.0000', '', 10, 'a1.jpg', '[]', 1608269991, 11, '', '', '', 0, 0, 0, 0, '', '', '', '0', 1608270060, 1608270600, 10000040, 26, 0),
(3, 13, 'Tivi Akai', 0, '5000000.0000', 'Bài viết cho sản phẩm này đang được cập nhật ...', 0, 'product1.jpg', '', 0, 8, '', '', '12 tháng', 0, 0, 4, 1, 'USB 4G', 'https://www.youtube.com/watch?v=zAEYQ6FDO5U', '', '0', 0, 0, 0, 0, 0),
(4, 16, 'Tivi Panasonic', 0, '6000000.0000', 'Bài viết cho sản phẩm này đang được cập nhật ...', 0, 'product3.jpg', '', 0, 4, '', '', '12 tháng', 0, 0, 12, 3, 'USB 4G', 'https://www.youtube.com/watch?v=zAEYQ6FDO5U', '', '0', 0, 0, 0, 0, 0),
(5, 17, 'Tivi Samsung', 0, '5500000.0000', 'Bài viết cho sản phẩm này đang được cập nhật ...', 0, 'product4.jpg', '', 0, 3, '', '', '12 tháng', 0, 0, 0, 0, 'USB 4G', 'https://www.youtube.com/watch?v=zAEYQ6FDO5U', '', '0', 0, 0, 10000, 26, 0),
(6, 15, 'Tivi LG 5000', 0, '5000000.0000', 'Bài viết cho sản phẩm này đang được cập nhật ...', 0, 'product5.jpg', '', 0, 1, '', '', '12 tháng', 0, 0, 0, 0, 'USB 4G', 'https://www.youtube.com/watch?v=zAEYQ6FDO5U', '', '0', 0, 0, 0, 0, 0),
(7, 18, 'Tivi Toshiba', 0, '6200000.0000', 'Bài viết cho sản phẩm này đang được cập nhật ...', 400000, 'product6.jpg', '', 0, 74, '', '', '12 tháng', 0, 0, 7, 2, 'USB 4G', 'https://www.youtube.com/watch?v=zAEYQ6FDO5U', '', '0', 0, 0, 0, 0, 0),
(8, 14, 'Tivi JVC 500', 0, '10000000.0000', 'Bài viết cho sản phẩm này đang được cập nhật ...', 500000, 'product7.jpg', '', 0, 113, '', '', '12 tháng', 0, 0, 17, 5, 'USB 4G', 'https://www.youtube.com/watch?v=zAEYQ6FDO5U', '', '0', 0, 0, 0, 0, 0),
(9, 15, 'Tivi LG 520', 0, '5400000.0000', '<p>\r\n	B&agrave;i viết cho sản phẩm n&agrave;y đang được cập nhật ...</p>\r\n', 0, 'product13.jpg', 'a:0:{}', 0, 27, '', '', '12 tháng', 0, 0, 4, 1, '0', 'https://www.youtube.com/watch?v=zAEYQ6FDO5U', '', '0', 0, 0, 0, 0, 0),
(18, 16, 'samsung', 0, '10000000.0000', '', 10, 'KoemthuxamNhap1.PNG', '[\"Capture4.PNG\"]', 1590481691, 8, '', '', '', 0, 0, 0, 0, '', '', '', '0', 0, 0, 0, 0, 0),
(19, 15, 'TEST NÈ', 0, '2132122.0000', '', 10, 'ava.jpg', '[]', 1605788923, 6, '', '', '12', 0, 0, 0, 0, '', '', '', '0', 2020, 2020, 0, 0, 0),
(20, 17, 'admin', 0, '2132122.0000', '', 10, '22.png', '[]', 1605789174, 5, '', '', '', 0, 0, 0, 0, '', '', '', '0', 1605999600, 1606021201, 0, 0, 0),
(21, 18, 'superadmin', 0, '1000000.0000', '', 100000, '3.png', '[]', 1605790119, 42, '', '', '', 0, 0, 0, 0, '', '', '', '0', 1605826800, 1605826802, 0, 0, 0),
(22, 15, 'Thẻ cào VTC 500k', 0, '300000.0000', '', 20000, '61.jpg', '[]', 1605799195, 110, '', '', '', 0, 0, 0, 0, '', '', '', '0', 1605802800, 1606706400, 1300000, 26, 1),
(23, 17, 'admin', 0, '2132122.0000', '', 100000, '23.png', '[]', 1605799554, 3, '', '', '', 0, 0, 0, 0, '', '', '', '0', 1605805200, 1605826802, 0, 0, 0),
(24, 16, 'Kem duong da Niveda', 0, '10000000.0000', '', 100000, 'ava1.jpg', '[]', 1605799651, 39, '', '', '', 0, 0, 0, 0, '', '', '', '0', 1605799710, 1606750110, 10000000, 26, 1),
(31, 28, 'San phâm 1', 0, '10000000.0000', '', 100000, 'a3.jpg', '[]', 1608294965, 0, '', '', '', 0, 0, 0, 0, '', '', '', '0', 1608295020, 1608295380, 0, 0, 0),
(28, 17, 'Chòm sao hệ diêm vương', 0, '10000000.0000', '', 1000, 'a.jpg', '[\"1.jpg\"]', 1608199950, 24, '', '', '', 0, 0, 0, 0, '', '', '', '0', 1608219000, 1608224280, 10000000, 26, 0);

-- --------------------------------------------------------

--
-- Cấu trúc bảng cho bảng `slide`
--

CREATE TABLE `slide` (
  `id` int(11) NOT NULL,
  `name` varchar(100) COLLATE utf8_unicode_ci DEFAULT NULL,
  `image_name` varchar(100) COLLATE utf8_unicode_ci NOT NULL,
  `image_link` varchar(50) COLLATE utf8_unicode_ci NOT NULL,
  `link` varchar(150) COLLATE utf8_unicode_ci DEFAULT NULL,
  `info` varchar(100) COLLATE utf8_unicode_ci DEFAULT NULL,
  `sort_order` int(10) NOT NULL
) ENGINE=MyISAM DEFAULT CHARSET=utf8 COLLATE=utf8_unicode_ci;

--
-- Đang đổ dữ liệu cho bảng `slide`
--

INSERT INTO `slide` (`id`, `name`, `image_name`, `image_link`, `link`, `info`, `sort_order`) VALUES
(1, 'Slide 1', '', '11.jpg', 'http://dantri.com.vn/', '0', 1),
(2, 'Slide 2', '', '21.jpg', 'http://dantri.com.vn/', '', 2),
(3, 'Slide 3', '', '31.jpg', 'http://dantri.com.vn/', '', 3);

-- --------------------------------------------------------

--
-- Cấu trúc bảng cho bảng `user`
--

CREATE TABLE `user` (
  `id` int(255) NOT NULL,
  `name` varchar(50) COLLATE utf8_unicode_ci NOT NULL,
  `email` varchar(50) COLLATE utf8_unicode_ci NOT NULL,
  `phone` varchar(15) COLLATE utf8_unicode_ci NOT NULL,
  `address` varchar(128) COLLATE utf8_unicode_ci NOT NULL,
  `password` varchar(40) COLLATE utf8_unicode_ci NOT NULL,
  `created` int(11) NOT NULL,
  `money` int(100) NOT NULL,
  `avaiableMoney` int(100) NOT NULL
) ENGINE=MyISAM DEFAULT CHARSET=utf8 COLLATE=utf8_unicode_ci;

--
-- Đang đổ dữ liệu cho bảng `user`
--

INSERT INTO `user` (`id`, `name`, `email`, `phone`, `address`, `password`, `created`, `money`, `avaiableMoney`) VALUES
(16, 'Hoàng văn Tuyền', 'tuyenht90@yahoo.com', '01686039488', '111111', '96e79218965eb72c92a549dd5a330112', 1405589118, 0, 0),
(19, 'Hoàng văn Tuyền', 'hoangvantuyencnt@gmail.com', '01686039488', '111', '96e79218965eb72c92a549dd5a330112', 0, 0, 0),
(20, 'AN ANAfef', 'phamnaminter@gmail.comdda', '023216526564', 'fsdfsdfds', '0b4e7a0e5fe84ad35fb5f95b9ceeac79', 0, 0, 0),
(21, 'AN ANaa', 'phamnamint', '02321652656', 'jajdajs dsajdak', '0b4e7a0e5fe84ad35fb5f95b9ceeac79', 0, 0, 0),
(22, 'AN ANa', 'phadasd', '02321652656', 'jajdajs dsajdak', '0b4e7a0e5fe84ad35fb5f95b9ceeac79', 0, 0, 0),
(23, 'AN ANa', 'phamnaminter', '02321652656', 'jajdajs dsajdak', '0b4e7a0e5fe84ad35fb5f95b9ceeac79', 0, 0, 0),
(24, 'AN ANA', 'phamnamintasdaer@gmail.com', '02321652656', 'aaaaaa', '0b4e7a0e5fe84ad35fb5f95b9ceeac79', 0, 0, 0),
(25, 'Pham Nam', 'pt@gmail.com', '0326887204', '97 Man thiện Hiệp Phú', 'e10adc3949ba59abbe56e057f20f883e', 0, 0, 0),
(26, 'Pham Nam', 'phamnaminter@gmail.com', '03268872044', '97 Man Thien Hiệp Phú Q9 TP Thủ Đức', '4cd97e50b84c043640c94848cf08118b', 0, 67299960, 33400040),
(27, 'admina', 'admina@gmail.com', 'admina', 'admina', '91183e1cb4e46961f86a2ef6287927ad', 0, 99900000, 0),
(28, 'test 1', 'test1@gmail.com', '03333333', 'vxvcxvxc', 'e00cf25ad42683b3df678c61f42c6bda', 0, 20010000, 0);

--
-- Chỉ mục cho các bảng đã đổ
--

--
-- Chỉ mục cho bảng `admin`
--
ALTER TABLE `admin`
  ADD PRIMARY KEY (`id`);

--
-- Chỉ mục cho bảng `catalog`
--
ALTER TABLE `catalog`
  ADD PRIMARY KEY (`id`);

--
-- Chỉ mục cho bảng `news`
--
ALTER TABLE `news`
  ADD PRIMARY KEY (`id`);
ALTER TABLE `news` ADD FULLTEXT KEY `title` (`title`);

--
-- Chỉ mục cho bảng `product`
--
ALTER TABLE `product`
  ADD PRIMARY KEY (`id`);
ALTER TABLE `product` ADD FULLTEXT KEY `name` (`name`);

--
-- Chỉ mục cho bảng `slide`
--
ALTER TABLE `slide`
  ADD PRIMARY KEY (`id`);

--
-- Chỉ mục cho bảng `user`
--
ALTER TABLE `user`
  ADD PRIMARY KEY (`id`);

--
-- AUTO_INCREMENT cho các bảng đã đổ
--

--
-- AUTO_INCREMENT cho bảng `admin`
--
ALTER TABLE `admin`
  MODIFY `id` int(11) NOT NULL AUTO_INCREMENT, AUTO_INCREMENT=16;

--
-- AUTO_INCREMENT cho bảng `catalog`
--
ALTER TABLE `catalog`
  MODIFY `id` int(11) NOT NULL AUTO_INCREMENT, AUTO_INCREMENT=30;

--
-- AUTO_INCREMENT cho bảng `news`
--
ALTER TABLE `news`
  MODIFY `id` int(11) NOT NULL AUTO_INCREMENT, AUTO_INCREMENT=6;

--
-- AUTO_INCREMENT cho bảng `product`
--
ALTER TABLE `product`
  MODIFY `id` int(255) NOT NULL AUTO_INCREMENT, AUTO_INCREMENT=32;

--
-- AUTO_INCREMENT cho bảng `slide`
--
ALTER TABLE `slide`
  MODIFY `id` int(11) NOT NULL AUTO_INCREMENT, AUTO_INCREMENT=7;

--
-- AUTO_INCREMENT cho bảng `user`
--
ALTER TABLE `user`
  MODIFY `id` int(255) NOT NULL AUTO_INCREMENT, AUTO_INCREMENT=29;
COMMIT;

/*!40101 SET CHARACTER_SET_CLIENT=@OLD_CHARACTER_SET_CLIENT */;
/*!40101 SET CHARACTER_SET_RESULTS=@OLD_CHARACTER_SET_RESULTS */;
/*!40101 SET COLLATION_CONNECTION=@OLD_COLLATION_CONNECTION */;
